id,labels
000261,Acura RL Sedan 2012
000226,AM General Hummer SUV 2000
000005,AM General Hummer SUV 2000
000243,AM General Hummer SUV 2000
000049,AM General Hummer SUV 2000
000089,AM General Hummer SUV 2000
000130,Acura RL Sedan 2012
000213,Acura RL Sedan 2012
000093,AM General Hummer SUV 2000
000235,Acura RL Sedan 2012
000181,Acura RL Sedan 2012
000198,AM General Hummer SUV 2000
000256,AM General Hummer SUV 2000
000061,AM General Hummer SUV 2000
000291,AM General Hummer SUV 2000
000176,Acura RL Sedan 2012
000168,Acura RL Sedan 2012
000008,AM General Hummer SUV 2000
000311,Acura RL Sedan 2012
000102,Acura RL Sedan 2012
000293,Acura RL Sedan 2012
000196,Acura RL Sedan 2012
000105,Acura RL Sedan 2012
000271,AM General Hummer SUV 2000
000215,Acura RL Sedan 2012
000152,Acura RL Sedan 2012
000144,Acura RL Sedan 2012
000322,AM General Hummer SUV 2000
000157,Acura RL Sedan 2012
000029,Acura RL Sedan 2012
000040,AM General Hummer SUV 2000
000097,AM General Hummer SUV 2000
000174,Acura RL Sedan 2012
000153,Acura RL Sedan 2012
000312,AM General Hummer SUV 2000
000335,AM General Hummer SUV 2000
000331,AM General Hummer SUV 2000
000329,Acura RL Sedan 2012
000327,Acura RL Sedan 2012
000131,AM General Hummer SUV 2000
000309,Acura RL Sedan 2012
000320,AM General Hummer SUV 2000
000204,Acura RL Sedan 2012
000336,Acura RL Sedan 2012
000281,AM General Hummer SUV 2000
000022,AM General Hummer SUV 2000
000258,Acura RL Sedan 2012
000114,Acura RL Sedan 2012
000051,AM General Hummer SUV 2000
000248,Acura RL Sedan 2012
000170,Acura RL Sedan 2012
000179,Acura RL Sedan 2012
000229,Acura RL Sedan 2012
000250,AM General Hummer SUV 2000
000210,AM General Hummer SUV 2000
000090,Acura RL Sedan 2012
000106,Acura RL Sedan 2012
000211,Acura RL Sedan 2012
000115,AM General Hummer SUV 2000
000317,Acura RL Sedan 2012
000004,AM General Hummer SUV 2000
000190,Acura RL Sedan 2012
000023,AM General Hummer SUV 2000
000156,Acura RL Sedan 2012
000169,Acura RL Sedan 2012
000094,Acura RL Sedan 2012
000296,Acura RL Sedan 2012
000095,AM General Hummer SUV 2000
000006,AM General Hummer SUV 2000
000108,Acura RL Sedan 2012
000052,AM General Hummer SUV 2000
000057,AM General Hummer SUV 2000
000326,Acura RL Sedan 2012
000227,Acura RL Sedan 2012
000286,Acura RL Sedan 2012
000071,AM General Hummer SUV 2000
000233,Acura RL Sedan 2012
000109,AM General Hummer SUV 2000
000083,AM General Hummer SUV 2000
000297,Acura RL Sedan 2012
000037,AM General Hummer SUV 2000
000077,AM General Hummer SUV 2000
000294,Acura RL Sedan 2012
000290,Acura RL Sedan 2012
000333,Acura RL Sedan 2012
000063,AM General Hummer SUV 2000
000026,AM General Hummer SUV 2000
000082,AM General Hummer SUV 2000
000314,Acura RL Sedan 2012
000182,Acura RL Sedan 2012
000325,Acura RL Sedan 2012
000150,Acura RL Sedan 2012
000043,AM General Hummer SUV 2000
000221,Acura RL Sedan 2012
000019,AM General Hummer SUV 2000
000237,Acura RL Sedan 2012
000288,Acura RL Sedan 2012
000166,AM General Hummer SUV 2000
000119,AM General Hummer SUV 2000
000103,AM General Hummer SUV 2000
